Fund Name,P1,P2,P3,P4,P5,Topsis Score,Rank
M1,0.89,0.79,6.7,50.0,14.6,0.7274261472384178,1
M2,0.63,0.4,5.3,59.8,16.53,0.37355371095930073,7
M3,0.68,0.46,4.1,34.7,9.99,0.3774014788866273,6
M4,0.82,0.67,4.4,65.6,17.87,0.4856268692710238,4
M5,0.77,0.59,6.2,67.5,18.77,0.541100493281942,2
M6,0.69,0.48,4.2,58.9,16.07,0.3351401028627849,8
M7,0.83,0.69,3.7,40.0,11.31,0.4728890237140089,5
M8,0.9,0.81,3.9,62.3,16.98,0.5335682704849677,3
